[
  {
    "id": 1,
    "backgroundImage": "https://www.theconqueror.events/wordpress/wp-content/uploads/2022/11/AW_card_bg-1-1.webp",
    "title": "Angkor Wat",
    "images": [
      "https://www.theconqueror.events/wordpress/wp-content/uploads/2023/02/Front-Medal-Photobooth-2.webp",
      "https://www.theconqueror.events/wordpress/wp-content/uploads/2023/02/Back-Medal-2.webp"
    ],
    "distance": "32",
    "postcards": "4 Virtual Postcards",
    "streetView": "Has StreetView",
    "discount": null,
    "price": 13
  },
  {
    "id": 2,
    "backgroundImage": "https://www.theconqueror.events/wordpress/wp-content/uploads/2022/11/EC_card_bg-1-1.webp",
    "title": "English Channel",
    "images": [
      "https://www.theconqueror.events/wordpress/wp-content/uploads/2023/02/Front-Medal-Photobooth-3-1.webp",
      "https://www.theconqueror.events/wordpress/wp-content/uploads/2023/02/Back-Medal-6.webp"
    ],
    "distance": "33",
    "postcards": "3 Virtual Postcards",
    "streetView": "No StreetView",
    "discount": null,
    "price": 10
  },
  {
    "id": 3,
    "backgroundImage": "https://www.theconqueror.events/wordpress/wp-content/uploads/2022/11/MTA_card_bg-1.webp",
    "title": "Marathon to Athens",
    "images": [
      "https://www.theconqueror.events/wordpress/wp-content/uploads/2022/12/MTA-Front-Medal-min.webp",
      "https://www.theconqueror.events/wordpress/wp-content/uploads/2022/10/MTA_backmedal.webp"
    ],
    "distance": "42",
    "postcards": "4 Virtual Postcards",
    "streetView": "Has StreetView",
    "discount": null,
    "price": 18
  },
  {
    "id": 4,
    "backgroundImage": "https://www.theconqueror.events/wordpress/wp-content/uploads/2022/11/IT_card_bg-1-1.webp",
    "title": "Inca Trail",
    "images": [
      "https://www.theconqueror.events/wordpress/wp-content/uploads/2023/09/Front-Medal-Photobooth-42.webp",
      "https://www.theconqueror.events/wordpress/wp-content/uploads/2023/09/Back-Medal-23.webp"
    ],
    "distance": "42",
    "postcards": "4 Virtual Postcards",
    "streetView": "Has StreetView",
    "discount": null,
    "price": 16
  },
  {
    "id": 5,
    "backgroundImage": "https://www.theconqueror.events/wordpress/wp-content/uploads/2023/11/bkk_bg_350x197.webp",
    "title": "Bangkok",
    "images": [
      "https://www.theconqueror.events/wordpress/wp-content/uploads/2023/11/bkk_front_medal.webp",
      "https://www.theconqueror.events/wordpress/wp-content/uploads/2023/11/bkk_back_medal.webp"
    ],
    "distance": "48",
    "postcards": "6 Virtual Postcards",
    "streetView": "Has StreetView",
    "discount": null,
    "price": 20
  },
  {
    "id": 6,
    "backgroundImage": "https://www.theconqueror.events/wordpress/wp-content/uploads/2022/11/BW_card_bg-1-1.webp",
    "title": "Berlin Wall",
    "images": [
      "https://www.theconqueror.events/wordpress/wp-content/uploads/2023/01/Front-Medal-Photobooth-5-1.webp",
      "https://www.theconqueror.events/wordpress/wp-content/uploads/2023/01/Back-Medal-12.webp"
    ],
    "distance": "48",
    "postcards": "5 Virtual Postcards",
    "streetView": "Has StreetView",
    "discount": null,
    "price": 16
  },
  {
    "id": 7,
    "backgroundImage": "https://www.theconqueror.events/wordpress/wp-content/uploads/2023/03/BG-2.webp",
    "title": "Paris",
    "images": [
      "https://www.theconqueror.events/wordpress/wp-content/uploads/2023/03/Front-Medal-Photobooth-15.webp",
      "https://www.theconqueror.events/wordpress/wp-content/uploads/2023/03/Back-Medal-17.webp"
    ],
    "distance": "53",
    "postcards": "5 Virtual Postcards",
    "streetView": "Has StreetView",
    "discount": null,
    "price": 11
  },
  {
    "id": 8,
    "backgroundImage": "https://www.theconqueror.events/wordpress/wp-content/uploads/2023/03/BG-1.webp",
    "title": "Rome",
    "images": [
      "https://www.theconqueror.events/wordpress/wp-content/uploads/2023/03/Front-Medal-Photobooth-14.webp",
      "https://www.theconqueror.events/wordpress/wp-content/uploads/2023/03/Back-Medal-16.webp"
    ],
    "distance": "55",
    "postcards": "5 Virtual Postcards",
    "streetView": "Has StreetView",
    "discount": null,
    "price": 10
  },
  {
    "id": 9,
    "backgroundImage": "https://www.theconqueror.events/wordpress/wp-content/uploads/2023/06/WDC_BG_350x197.webp",
    "title": "Washington DC",
    "images": [
      "https://www.theconqueror.events/wordpress/wp-content/uploads/2023/06/WDC_front-medal.webp",
      "https://www.theconqueror.events/wordpress/wp-content/uploads/2023/06/WDC_back-medal.webp"
    ],
    "distance": "56",
    "postcards": "6 Virtual Postcards",
    "streetView": "Has StreetView",
    "discount": null,
    "price": 16
  },
  {
    "id": 10,
    "backgroundImage": "https://www.theconqueror.events/wordpress/wp-content/uploads/2022/11/AMF_card_bg-1.webp",
    "title": "Amalfi Coast",
    "images": [
      "https://www.theconqueror.events/wordpress/wp-content/uploads/2023/02/Front-Medal-Photobooth-4-1.webp",
      "https://www.theconqueror.events/wordpress/wp-content/uploads/2023/02/Back-Medal-7.webp"
    ],
    "distance": "56",
    "postcards": "7 Virtual Postcards",
    "streetView": "Has StreetView",
    "discount": null,
    "price": 19
  },
  {
    "id": 11,
    "backgroundImage": "https://www.theconqueror.events/wordpress/wp-content/uploads/2022/11/EI_card_bg-1-1.webp",
    "title": "Easter Island",
    "images": [
      "https://www.theconqueror.events/wordpress/wp-content/uploads/2023/09/Front-Medal-Photobooth-49.webp",
      "https://www.theconqueror.events/wordpress/wp-content/uploads/2023/09/Back-Medal-Photobooth-20.webp"
    ],
    "distance": "61",
    "postcards": "6 Virtual Postcards",
    "streetView": "Has StreetView",
    "discount": null,
    "price": 11
  },
  {
    "id": 12,
    "backgroundImage": "https://www.theconqueror.events/wordpress/wp-content/uploads/2023/04/JES-card-bg.webp",
    "title": "Jesus Trail",
    "images": [
      "https://www.theconqueror.events/wordpress/wp-content/uploads/2023/04/Front-Medal-Photobooth-21-1.webp",
      "https://www.theconqueror.events/wordpress/wp-content/uploads/2023/04/Back-Medal-20-1.webp"
    ],
    "distance": "63",
    "postcards": "5 Virtual Postcards",
    "streetView": "Has StreetView",
    "discount": null,
    "price": 13
  },
  {
    "id": 13,
    "backgroundImage": "https://www.theconqueror.events/wordpress/wp-content/uploads/2022/11/EVR_card_bg-1-1.webp",
    "title": "Mount Everest",
    "images": [
      "https://www.theconqueror.events/wordpress/wp-content/uploads/2023/01/Front-Medal-Photobooth2.webp",
      "https://www.theconqueror.events/wordpress/wp-content/uploads/2023/01/Back-Medal2.webp"
    ],
    "distance": "64",
    "postcards": "6 Virtual Postcards",
    "streetView": "Has StreetView",
    "discount": null,
    "price": 17
  },
  {
    "id": 14,
    "backgroundImage": "https://www.theconqueror.events/wordpress/wp-content/uploads/2022/11/PTR_card_bg-1-1.webp",
    "title": "Trek to Petra",
    "images": [
      "https://www.theconqueror.events/wordpress/wp-content/uploads/2023/03/Front-Medal-Photobooth-20.webp",
      "https://www.theconqueror.events/wordpress/wp-content/uploads/2023/03/Back-Medal-Photobooth.webp"
    ],
    "distance": "65",
    "postcards": "9 Virtual Postcards",
    "streetView": "No StreetView",
    "discount": null,
    "price": 11
  },
  {
    "id": 15,
    "backgroundImage": "https://www.theconqueror.events/wordpress/wp-content/uploads/2021/07/theconqueror-FLR-hl-bg.jpg",
    "title": "Flower Route",
    "images": [
      "https://www.theconqueror.events/wordpress/wp-content/uploads/2022/12/Front-Medal-Photobooth-6.webp",
      "https://www.theconqueror.events/wordpress/wp-content/uploads/2022/12/Back-Medal-8.webp"
    ],
    "distance": "66",
    "postcards": "4 Virtual Postcards",
    "streetView": "Has StreetView",
    "discount": null,
    "price": 17
  },
  {
    "id": 16,
    "backgroundImage": "https://www.theconqueror.events/wordpress/wp-content/uploads/2022/11/YNP_card_bg-1-1.webp",
    "title": "Yosemite",
    "images": [
      "https://www.theconqueror.events/wordpress/wp-content/uploads/2022/12/Front-Medal-Photobooth-7.webp",
      "https://www.theconqueror.events/wordpress/wp-content/uploads/2022/12/Back-Medal-9.webp"
    ],
    "distance": "70",
    "postcards": "4 Virtual Postcards",
    "streetView": "Has StreetView",
    "discount": null,
    "price": 17
  },
  {
    "id": 17,
    "backgroundImage": "https://www.theconqueror.events/wordpress/wp-content/uploads/2022/11/FJ_card_bg-1-1.webp",
    "title": "Mount Fuji",
    "images": [
      "https://www.theconqueror.events/wordpress/wp-content/uploads/2022/12/Front-Medal-Photobooth-8.webp",
      "https://www.theconqueror.events/wordpress/wp-content/uploads/2022/12/Back-Medal-10.webp"
    ],
    "distance": "74",
    "postcards": "6 Virtual Postcards",
    "streetView": "Has StreetView",
    "discount": null,
    "price": 14
  },
  {
    "id": 18,
    "backgroundImage": "https://www.theconqueror.events/wordpress/wp-content/uploads/2022/11/GZ_card_bg-1-1.webp",
    "title": "Giza Pyramids",
    "images": [
      "https://www.theconqueror.events/wordpress/wp-content/uploads/2022/12/GZ-Front-Medal-min.webp",
      "https://www.theconqueror.events/wordpress/wp-content/uploads/2022/10/GZ_backmedal.webp"
    ],
    "distance": "75",
    "postcards": "5 Virtual Postcards",
    "streetView": "Has StreetView",
    "discount": null,
    "price": 20
  },
  {
    "id": 19,
    "backgroundImage": "https://www.theconqueror.events/wordpress/wp-content/uploads/2022/11/WCT_card_bg-1-1.webp",
    "title": "West Coast Trail",
    "images": [
      "https://www.theconqueror.events/wordpress/wp-content/uploads/2023/09/Front-Medal-Photobooth-44.webp",
      "https://www.theconqueror.events/wordpress/wp-content/uploads/2023/09/Back-Medal-Photobooth-19.webp"
    ],
    "distance": "76",
    "postcards": "5 Virtual Postcards",
    "streetView": "Has StreetView",
    "discount": null,
    "price": 18
  },
  {
    "id": 20,
    "backgroundImage": "https://www.theconqueror.events/wordpress/wp-content/uploads/2023/06/LA_BG_350x197.webp",
    "title": "Los Angeles",
    "images": [
      "https://www.theconqueror.events/wordpress/wp-content/uploads/2023/06/LA_front-medal-1.webp",
      "https://www.theconqueror.events/wordpress/wp-content/uploads/2023/06/LA_back-medal.webp"
    ],
    "distance": "80",
    "postcards": "7 Virtual Postcards",
    "streetView": "Has StreetView",
    "discount": null,
    "price": 10
  },
  {
    "id": 21,
    "backgroundImage": "https://www.theconqueror.events/wordpress/wp-content/uploads/2023/08/FBC_BG_350x197.webp",
    "title": "The Forbidden City",
    "images": [
      "https://www.theconqueror.events/wordpress/wp-content/uploads/2023/08/FBC_front-medal.webp",
      "https://www.theconqueror.events/wordpress/wp-content/uploads/2023/08/FBC_back-medal.webp"
    ],
    "distance": "80",
    "postcards": "5 Virtual Postcards",
    "streetView": "No StreetView",
    "discount": null,
    "price": 15
  },
  {
    "id": 22,
    "backgroundImage": "https://www.theconqueror.events/wordpress/wp-content/uploads/2022/11/KP_card_bg-1-1.webp",
    "title": "Kruger National Park",
    "images": [
      "https://www.theconqueror.events/wordpress/wp-content/uploads/2023/09/Front-Medal-Photobooth-48.webp",
      "https://www.theconqueror.events/wordpress/wp-content/uploads/2023/09/Back-Medal-27.webp"
    ],
    "distance": "80",
    "postcards": "7 Virtual Postcards",
    "streetView": "Has StreetView",
    "discount": null,
    "price": 15
  },
  {
    "id": 23,
    "backgroundImage": "https://www.theconqueror.events/wordpress/wp-content/uploads/2022/11/TdP_card_bg-1-1.webp",
    "title": "Torres del Paine",
    "images": [
      "https://www.theconqueror.events/wordpress/wp-content/uploads/2023/06/Front-Medal-Photobooth-27.webp",
      "https://www.theconqueror.events/wordpress/wp-content/uploads/2023/06/Back-Medal-Photobooth-5.webp"
    ],
    "distance": "87",
    "postcards": "4 Virtual Postcards",
    "streetView": "No StreetView",
    "discount": null,
    "price": 10
  },
  {
    "id": 24,
    "backgroundImage": "https://www.theconqueror.events/wordpress/wp-content/uploads/2022/11/KT_card_bg-1-1.webp",
    "title": "Kokoda Trail",
    "images": [
      "https://www.theconqueror.events/wordpress/wp-content/uploads/2023/06/Front-Medal-Photobooth-25.webp",
      "https://www.theconqueror.events/wordpress/wp-content/uploads/2023/06/Back-Medal-Photobooth-3.webp"
    ],
    "distance": "91",
    "postcards": "7 Virtual Postcards",
    "streetView": "No StreetView",
    "discount": null,
    "price": 12
  },
  {
    "id": 25,
    "backgroundImage": "https://www.theconqueror.events/wordpress/wp-content/uploads/2022/11/KJ_card_bg-1-1.webp",
    "title": "Mount Kilimanjaro",
    "images": [
      "https://www.theconqueror.events/wordpress/wp-content/uploads/2023/06/Front-Medal-Photobooth-28.webp",
      "https://www.theconqueror.events/wordpress/wp-content/uploads/2023/06/Back-Medal-Photobooth-6.webp"
    ],
    "distance": "97",
    "postcards": "5 Virtual Postcards",
    "streetView": "No StreetView",
    "discount": null,
    "price": 16
  },
  {
    "id": 26,
    "backgroundImage": "https://www.theconqueror.events/wordpress/wp-content/uploads/2022/11/RTH_card_bg-1-1.webp",
    "title": "Road to Hana",
    "images": [
      "https://www.theconqueror.events/wordpress/wp-content/uploads/2022/12/RTH-Front-Medal-min.webp",
      "https://www.theconqueror.events/wordpress/wp-content/uploads/2022/10/rth_backmedal.webp"
    ],
    "distance": "104",
    "postcards": "6 Virtual Postcards",
    "streetView": "Has StreetView",
    "discount": null,
    "price": 12
  },
  {
    "id": 27,
    "backgroundImage": "https://www.theconqueror.events/wordpress/wp-content/uploads/2022/11/NF_card_bg-1-1.webp",
    "title": "Niagara Falls",
    "images": [
      "https://www.theconqueror.events/wordpress/wp-content/uploads/2023/06/Front-Medal-Photobooth-36.webp",
      "https://www.theconqueror.events/wordpress/wp-content/uploads/2023/06/Back-Medal-Photobooth-13.webp"
    ],
    "distance": "113",
    "postcards": "5 Virtual Postcards",
    "streetView": "Has StreetView",
    "discount": null,
    "price": 12
  },
  {
    "id": 28,
    "backgroundImage": "https://www.theconqueror.events/wordpress/wp-content/uploads/2023/06/NYC_BG_350x197.webp",
    "title": "New York",
    "images": [
      "https://www.theconqueror.events/wordpress/wp-content/uploads/2023/06/NYC_front-medal.webp",
      "https://www.theconqueror.events/wordpress/wp-content/uploads/2023/06/NYC_back-medal.webp"
    ],
    "distance": "114",
    "postcards": "8 Virtual Postcards",
    "streetView": "Has StreetView",
    "discount": null,
    "price": 17
  },
  {
    "id": 29,
    "backgroundImage": "https://www.theconqueror.events/wordpress/wp-content/uploads/2023/03/BG.webp",
    "title": "London",
    "images": [
      "https://www.theconqueror.events/wordpress/wp-content/uploads/2023/03/Front-Medal-Photobooth-13.webp",
      "https://www.theconqueror.events/wordpress/wp-content/uploads/2023/03/Back-Medal-15.webp"
    ],
    "distance": "121",
    "postcards": "6 Virtual Postcards",
    "streetView": "Has StreetView",
    "discount": null,
    "price": 18
  },
  {
    "id": 30,
    "backgroundImage": "https://www.theconqueror.events/wordpress/wp-content/uploads/2021/12/theconqueror-YS-hl-bg-min.jpg",
    "title": "Yellowstone Park",
    "images": [
      "https://www.theconqueror.events/wordpress/wp-content/uploads/2022/12/Front-Medal-Photobooth-5.webp",
      "https://www.theconqueror.events/wordpress/wp-content/uploads/2022/12/Back-Medal-7.webp"
    ],
    "distance": "121",
    "postcards": "6 Virtual Postcards",
    "streetView": "Has StreetView",
    "discount": null,
    "price": 15
  },
  {
    "id": 31,
    "backgroundImage": "https://www.theconqueror.events/wordpress/wp-content/uploads/2022/11/LOTR_card_bg-1.webp",
    "title": "Rohan",
    "images": [
      "https://www.theconqueror.events/wordpress/wp-content/uploads/2023/01/ROH-Medal-Front-1.webp",
      "https://www.theconqueror.events/wordpress/wp-content/uploads/2023/01/LOTR-Back-Medal-Photobooth.webp"
    ],
    "distance": "128",
    "postcards": "6 Virtual Postcards",
    "streetView": "No Streetview",
    "discount": null,
    "price": 16
  },
  {
    "id": 32,
    "backgroundImage": "https://www.theconqueror.events/wordpress/wp-content/uploads/2022/11/HW_card_bg-1-1.webp",
    "title": "Hadrian's Wall",
    "images": [
      "https://www.theconqueror.events/wordpress/wp-content/uploads/2023/01/Front-Medal-Photobooth-10.webp"
    ],
    "distance": "145",
    "postcards": "6 Virtual Postcards",
    "streetView": "Has StreetView",
    "discount": null,
    "price": 18
  },
  {
    "id": 33,
    "backgroundImage": "https://www.theconqueror.events/wordpress/wp-content/uploads/2022/11/ER_card_bg-1-1.webp",
    "title": "Estrada Real",
    "images": [
      "https://www.theconqueror.events/wordpress/wp-content/uploads/2023/06/Front-Medal-Photobooth-34.webp",
      "https://www.theconqueror.events/wordpress/wp-content/uploads/2023/06/Back-Medal-Photobooth-11.webp"
    ],
    "distance": "153",
    "postcards": "6 / 21 Virtual Postcards",
    "streetView": "Has StreetView",
    "discount": null,
    "price": 18
  },
  {
    "id": 34,
    "backgroundImage": "https://www.theconqueror.events/wordpress/wp-content/uploads/2023/03/iStock-506187637-5.webp",
    "title": "Chichen Itza",
    "images": [
      "https://www.theconqueror.events/wordpress/wp-content/uploads/2023/09/Front-Medal-Photobooth-53.webp",
      "https://www.theconqueror.events/wordpress/wp-content/uploads/2023/09/Back-Medal-Photobooth-22.webp"
    ],
    "distance": "154",
    "postcards": "6 Virtual Postcards",
    "streetView": "Has StreetView",
    "discount": null,
    "price": 15
  },
  {
    "id": 35,
    "backgroundImage": "https://www.theconqueror.events/wordpress/wp-content/uploads/2022/11/CW_card_bg-1-1.webp",
    "title": "Cotswold Way",
    "images": [
      "https://www.theconqueror.events/wordpress/wp-content/uploads/2023/02/Front-Medal-Photobooth-1.webp",
      "https://www.theconqueror.events/wordpress/wp-content/uploads/2023/02/Back-Medal-1.webp"
    ],
    "distance": "156",
    "postcards": "7 Virtual Postcards",
    "streetView": "Has StreetView",
    "discount": null,
    "price": 14
  },
  {
    "id": 36,
    "backgroundImage": "https://www.theconqueror.events/wordpress/wp-content/uploads/2023/10/MRT_BG_350x197.webp",
    "title": "Dia de los Muertos",
    "images": [
      "https://www.theconqueror.events/wordpress/wp-content/uploads/2023/10/MRT_front-medal-2.png",
      "https://www.theconqueror.events/wordpress/wp-content/uploads/2023/10/MRT_back-medal.png"
    ],
    "distance": "158",
    "postcards": "9 Virtual Postcards",
    "streetView": "Has StreetView",
    "discount": null,
    "price": 20
  },
  {
    "id": 37,
    "backgroundImage": "https://www.theconqueror.events/wordpress/wp-content/uploads/2022/11/GBR_card_bg-1-1.webp",
    "title": "Great Barrier Reef",
    "images": [
      "https://www.theconqueror.events/wordpress/wp-content/uploads/2023/06/Front-Medal-Photobooth-35.webp",
      "https://www.theconqueror.events/wordpress/wp-content/uploads/2023/06/Back-Medal-Photobooth-12.webp"
    ],
    "distance": "160",
    "postcards": "6 / 20 Virtual Postcards",
    "streetView": "No StreetView",
    "discount": null,
    "price": 17
  },
  {
    "id": 38,
    "backgroundImage": "https://www.theconqueror.events/wordpress/wp-content/uploads/2023/07/JUR_BG_350x197.webp",
    "title": "Jurassic Coast",
    "images": [
      "https://www.theconqueror.events/wordpress/wp-content/uploads/2023/07/JUR_front-medal.webp",
      "https://www.theconqueror.events/wordpress/wp-content/uploads/2023/07/JUR_back-medal.webp"
    ],
    "distance": "161",
    "postcards": "8 Virtual Postcards",
    "streetView": "No StreetView",
    "discount": null,
    "price": 10
  },
  {
    "id": 39,
    "backgroundImage": "https://www.theconqueror.events/wordpress/wp-content/uploads/2023/09/TEA_all_challenges_bg_card-1.webp",
    "title": "Te Araroa",
    "images": [
      "https://www.theconqueror.events/wordpress/wp-content/uploads/2023/09/Front-Medal-Photobooth-52.webp",
      "https://www.theconqueror.events/wordpress/wp-content/uploads/2023/09/Back-Medal-Photobooth-21.webp"
    ],
    "distance": "161",
    "postcards": "6 / 36 Virtual Postcards",
    "streetView": "Has StreetView",
    "discount": null,
    "price": 15
  },
  {
    "id": 40,
    "backgroundImage": "https://www.theconqueror.events/wordpress/wp-content/uploads/2022/11/CDZ_card_bg-1-1.webp",
    "title": "Côte d'Azur",
    "images": [
      "https://www.theconqueror.events/wordpress/wp-content/uploads/2023/09/Front-Medal-Photobooth-45.webp",
      "https://www.theconqueror.events/wordpress/wp-content/uploads/2023/09/Back-Medal-24.webp"
    ],
    "distance": "161",
    "postcards": "6 Virtual Postcards",
    "streetView": "Has StreetView",
    "discount": null,
    "price": 19
  },
  {
    "id": 41,
    "backgroundImage": "https://www.theconqueror.events/wordpress/wp-content/uploads/2023/09/iStock-506187637-5-5.webp",
    "title": "Amazon Rainforest",
    "images": [
      "https://www.theconqueror.events/wordpress/wp-content/uploads/2023/09/Front-Medal-Photobooth-43.webp",
      "https://www.theconqueror.events/wordpress/wp-content/uploads/2023/09/Back-Medal-Photobooth-18.webp"
    ],
    "distance": "161",
    "postcards": "6 / 24 Virtual Postcards",
    "streetView": "No StreetView",
    "discount": null,
    "price": 16
  },
  {
    "id": 42,
    "backgroundImage": "https://www.theconqueror.events/wordpress/wp-content/uploads/2022/11/ROK_card_bg-1.webp",
    "title": "Ring of Kerry",
    "images": [
      "https://www.theconqueror.events/wordpress/wp-content/uploads/2023/02/Front-Medal-Photobooth-3.webp",
      "https://www.theconqueror.events/wordpress/wp-content/uploads/2023/02/Back-Medal-3.webp"
    ],
    "distance": "200",
    "postcards": "6 Virtual Postcards",
    "streetView": "Has StreetView",
    "discount": null,
    "price": 18
  },
  {
    "id": 43,
    "backgroundImage": "https://www.theconqueror.events/wordpress/wp-content/uploads/2022/11/FK_card_bg-1-1.webp",
    "title": "Florida Keys",
    "images": [
      "https://www.theconqueror.events/wordpress/wp-content/uploads/2023/02/Front-Medal-Photobooth-2-1.webp",
      "https://www.theconqueror.events/wordpress/wp-content/uploads/2023/02/Back-Medal-3-1.webp"
    ],
    "distance": "201",
    "postcards": "6 Virtual Postcards",
    "streetView": "Has StreetView",
    "discount": null,
    "price": 10
  },
  {
    "id": 44,
    "backgroundImage": "https://www.theconqueror.events/wordpress/wp-content/uploads/2023/02/iStock-506187637-2.webp",
    "title": "Rocky Mountains",
    "images": [
      "https://www.theconqueror.events/wordpress/wp-content/uploads/2023/06/Front-Medal-Photobooth-26.webp",
      "https://www.theconqueror.events/wordpress/wp-content/uploads/2023/06/Back-Medal-Photobooth-4.webp"
    ],
    "distance": "209",
    "postcards": "9 Virtual Postcards",
    "streetView": "No StreetView",
    "discount": null,
    "price": 10
  },
  {
    "id": 45,
    "backgroundImage": "https://www.theconqueror.events/wordpress/wp-content/uploads/2022/01/SHR_card_bg-2.webp",
    "title": "The Shire",
    "images": [
      "https://www.theconqueror.events/wordpress/wp-content/uploads/2022/01/SHR-Front-Medal-min.png",
      "https://www.theconqueror.events/wordpress/wp-content/uploads/2022/10/LOTR-Back-Medal-Photobooth1.webp"
    ],
    "distance": "233",
    "postcards": "6 Virtual Postcards",
    "streetView": "Custom Middle-earth Map",
    "discount": null,
    "price": 13
  },
  {
    "id": 46,
    "backgroundImage": "https://www.theconqueror.events/wordpress/wp-content/uploads/2022/11/GOR_card_bg-1-1.webp",
    "title": "Great Ocean Road",
    "images": [
      "https://www.theconqueror.events/wordpress/wp-content/uploads/2023/09/Front-Medal-Photobooth-41.webp",
      "https://www.theconqueror.events/wordpress/wp-content/uploads/2023/09/Back-Medal-22.webp"
    ],
    "distance": "240",
    "postcards": "7 Virtual Postcards",
    "streetView": "Has StreetView",
    "discount": null,
    "price": 18
  },
  {
    "id": 47,
    "backgroundImage": "https://www.theconqueror.events/wordpress/wp-content/uploads/2022/11/GW_card_bg-1-1.webp",
    "title": "Great Wall",
    "images": [
      "https://www.theconqueror.events/wordpress/wp-content/uploads/2023/01/Front-Medal-Photobooth-14.webp",
      "https://www.theconqueror.events/wordpress/wp-content/uploads/2023/01/Back-Medal-14.webp"
    ],
    "distance": "259",
    "postcards": "10 / 29 Virtual Postcards",
    "streetView": "No StreetView",
    "discount": null,
    "price": 16
  },
  {
    "id": 48,
    "backgroundImage": "https://www.theconqueror.events/wordpress/wp-content/uploads/2022/11/SD_card_bg-1-1.webp",
    "title": "South Downs Way",
    "images": [
      "https://www.theconqueror.events/wordpress/wp-content/uploads/2023/07/Front-Medal-Photobooth-38.webp",
      "https://www.theconqueror.events/wordpress/wp-content/uploads/2023/07/Back-Medal-Photobooth-16.webp"
    ],
    "distance": "161",
    "postcards": "6 Virtual Postcards",
    "streetView": "No StreetView",
    "discount": null,
    "price": 13
  },
  {
    "id": 49,
    "backgroundImage": "https://www.theconqueror.events/wordpress/wp-content/uploads/2022/11/ATO_card_bg-1-1.webp",
    "title": "Alps to Ocean",
    "images": [
      "https://www.theconqueror.events/wordpress/wp-content/uploads/2023/06/Front-Medal-Photobooth-30.webp",
      "https://www.theconqueror.events/wordpress/wp-content/uploads/2023/06/Back-Medal-Photobooth-8.webp"
    ],
    "distance": "290",
    "postcards": "9 Virtual Postcards",
    "streetView": "Has StreetView",
    "discount": null,
    "price": 13
  },
  {
    "id": 50,
    "backgroundImage": "https://www.theconqueror.events/wordpress/wp-content/uploads/2022/11/CT_card_bg-1-1.webp",
    "title": "Cabot Trail",
    "images": [
      "https://www.theconqueror.events/wordpress/wp-content/uploads/2023/01/Front-Medal-Photobooth-6-1.webp",
      "https://www.theconqueror.events/wordpress/wp-content/uploads/2023/01/Back-Medal-8-1.webp"
    ],
    "distance": "298",
    "postcards": "6 Virtual Postcards",
    "streetView": "Has StreetView",
    "discount": null,
    "price": 13
  },
  {
    "id": 51,
    "backgroundImage": "https://www.theconqueror.events/wordpress/wp-content/uploads/2022/11/TR_card_bg-1-1.webp",
    "title": "Transylvania",
    "images": [
      "https://www.theconqueror.events/wordpress/wp-content/uploads/2023/02/Front-Medal-Photobooth-5.webp",
      "https://www.theconqueror.events/wordpress/wp-content/uploads/2023/02/Back-Medal-5.webp"
    ],
    "distance": "372",
    "postcards": "7 Virtual Postcards",
    "streetView": "Has StreetView",
    "discount": null,
    "price": 14
  },
  {
    "id": 52,
    "backgroundImage": "https://www.theconqueror.events/wordpress/wp-content/uploads/2022/11/ROM_card_bg-1-1.webp",
    "title": "Romantic Road",
    "images": [
      "https://www.theconqueror.events/wordpress/wp-content/uploads/2023/06/Front-Medal-Photobooth-29.webp",
      "https://www.theconqueror.events/wordpress/wp-content/uploads/2023/06/Back-Medal-Photobooth-7.webp"
    ],
    "distance": "431",
    "postcards": "29 Virtual Postcards",
    "streetView": "No StreetView",
    "discount": null,
    "price": 16
  },
  {
    "id": 53,
    "backgroundImage": "https://www.theconqueror.events/wordpress/wp-content/uploads/2022/11/GC_card_bg-1-1.webp",
    "title": "Grand Canyon",
    "images": [
      "https://www.theconqueror.events/wordpress/wp-content/uploads/2022/10/GC-Front-Medal-min.png"
    ],
    "distance": "451",
    "postcards": "18 Virtual Postcards",
    "streetView": "Has StreetView",
    "discount": null,
    "price": 17
  },
  {
    "id": 54,
    "backgroundImage": "https://www.theconqueror.events/wordpress/wp-content/uploads/2022/11/SFR_card_bg-1-1.webp",
    "title": "St Francis Way",
    "images": [
      "https://www.theconqueror.events/wordpress/wp-content/uploads/2023/09/Front-Medal-Photobooth-39.webp",
      "https://www.theconqueror.events/wordpress/wp-content/uploads/2023/09/Back-Medal-Photobooth-17.webp"
    ],
    "distance": "503",
    "postcards": "10 Virtual Postcards",
    "streetView": "Has StreetView",
    "discount": null,
    "price": 11
  },
  {
    "id": 55,
    "backgroundImage": "https://www.theconqueror.events/wordpress/wp-content/uploads/2022/11/NT_card_bg-1-1.webp",
    "title": "Nakasendo Trail",
    "images": [
      "https://www.theconqueror.events/wordpress/wp-content/uploads/2023/06/Front-Medal-Photobooth-31.webp",
      "https://www.theconqueror.events/wordpress/wp-content/uploads/2023/06/Back-Medal-Photobooth-9.webp"
    ],
    "distance": "552",
    "postcards": "20 Virtual Postcards",
    "streetView": "Has StreetView",
    "discount": null,
    "price": 16
  },
  {
    "id": 56,
    "backgroundImage": "https://www.theconqueror.events/wordpress/wp-content/uploads/2022/11/TIN_card_bg-1-1.webp",
    "title": "Golden Triangle",
    "images": [
      "https://www.theconqueror.events/wordpress/wp-content/uploads/2023/06/Front-Medal-Photobooth-33.webp",
      "https://www.theconqueror.events/wordpress/wp-content/uploads/2023/06/Back-Medal-Photobooth-10.webp"
    ],
    "distance": "766",
    "postcards": "16 Virtual Postcards",
    "streetView": "No StreetView",
    "discount": null,
    "price": 12
  },
  {
    "id": 57,
    "backgroundImage": "https://www.theconqueror.events/wordpress/wp-content/uploads/2022/11/CS_card_bg-1-1.webp",
    "title": "Camino de Santiago",
    "images": [
      "https://www.theconqueror.events/wordpress/wp-content/uploads/2022/12/CS-Front-Medal-min.webp",
      "https://www.theconqueror.events/wordpress/wp-content/uploads/2022/10/cs_backmedal.webp"
    ],
    "distance": "772",
    "postcards": "14 Virtual Postcards",
    "streetView": "Has StreetView",
    "discount": null,
    "price": 18
  },
  {
    "id": 58,
    "backgroundImage": "https://www.theconqueror.events/wordpress/wp-content/uploads/2022/11/NC500_card_bg-1.webp",
    "title": "North Coast",
    "images": [
      "https://www.theconqueror.events/wordpress/wp-content/uploads/2022/12/NC-Front-Medal-min.webp",
      "https://www.theconqueror.events/wordpress/wp-content/uploads/2022/10/nc500_backmedal-.webp"
    ],
    "distance": "806",
    "postcards": "14 Virtual Postcards",
    "streetView": "Has StreetView",
    "discount": null,
    "price": 10
  },
  {
    "id": 59,
    "backgroundImage": "https://www.theconqueror.events/wordpress/wp-content/uploads/2022/11/RR_card_bg-1-1.webp",
    "title": "Ring Road",
    "images": [
      "https://www.theconqueror.events/wordpress/wp-content/uploads/2023/02/Front-Medal-Photobooth-1-1.webp",
      "https://www.theconqueror.events/wordpress/wp-content/uploads/2023/02/Back-Medal-2-1.webp"
    ],
    "distance": "332",
    "postcards": "13 Virtual Postcards",
    "streetView": "Has StreetView",
    "discount": null,
    "price": 12
  },
  {
    "id": 60,
    "backgroundImage": "https://www.theconqueror.events/wordpress/wp-content/uploads/2022/11/LEJOG_card_bg-1-1.webp",
    "title": "Length of the UK",
    "images": [
      "https://www.theconqueror.events/wordpress/wp-content/uploads/2023/01/Front-Medal-Photobooth-12.webp",
      "https://www.theconqueror.events/wordpress/wp-content/uploads/2023/01/Front-Medal-Photobooth-12.webp"
    ],
    "distance": "743",
    "postcards": "26 Virtual Postcards",
    "streetView": "Has StreetView",
    "discount": null,
    "price": 10
  },
  {
    "id": 61,
    "backgroundImage": "https://www.theconqueror.events/wordpress/wp-content/uploads/2022/11/AT_card_bg-1-1.webp",
    "title": "Appalachian Trail",
    "images": [
      "https://www.theconqueror.events/wordpress/wp-content/uploads/2023/06/Front-Medal-Photobooth-24.webp",
      "https://www.theconqueror.events/wordpress/wp-content/uploads/2023/06/Back-Medal-Photobooth-2.webp"
    ],
    "distance": "167",
    "postcards": "No Postcards",
    "streetView": "No StreetView",
    "discount": null,
    "price": 16
  },
  {
    "id": 62,
    "backgroundImage": "https://www.theconqueror.events/wordpress/wp-content/uploads/2022/11/R66_card_bg-1-1.webp",
    "title": "Route 66",
    "images": [
      "https://www.theconqueror.events/wordpress/wp-content/uploads/2023/09/Front-Medal-Photobooth-40.webp",
      "https://www.theconqueror.events/wordpress/wp-content/uploads/2023/09/Back-Medal-21.webp"
    ],
    "distance": "669",
    "postcards": "24 Virtual Postcards",
    "streetView": "Has StreetView",
    "discount": null,
    "price": 13
  },
  {
    "id": 63,
    "backgroundImage": "https://www.theconqueror.events/wordpress/wp-content/uploads/2022/11/PCT_card_bg-1-1.webp",
    "title": "Pacific Crest Trail",
    "images": [
      "https://www.theconqueror.events/wordpress/wp-content/uploads/2023/09/Front-Medal-Photobooth-46.webp",
      "https://www.theconqueror.events/wordpress/wp-content/uploads/2023/09/Back-Medal-25.webp"
    ],
    "distance": "000",
    "postcards": "30 Virtual Postcards",
    "streetView": "No StreetView",
    "discount": null,
    "price": 14
  },
  {
    "id": 64,
    "backgroundImage": "https://www.theconqueror.events/wordpress/wp-content/uploads/2022/11/CQ23_card_bg-1-1.webp",
    "title": "Conquer 2023",
    "images": [
      "https://www.theconqueror.events/wordpress/wp-content/uploads/2023/09/Front-Medal-Photobooth-50.webp",
      "https://www.theconqueror.events/wordpress/wp-content/uploads/2023/09/Back-Medal-28.webp"
    ],
    "distance": "0",
    "postcards": "Monthly progress reports",
    "streetView": "Plant up to 12 trees",
    "discount": null,
    "price": 20
  },
  {
    "id": 65,
    "backgroundImage": null,
    "title": "Starter Pack",
    "images": [
      "https://www.theconqueror.events/wordpress/wp-content/uploads/2021/06/Starter-Front-Medal.webp"
    ],
    "distance": "220",
    "postcards": "13 Virtual Postcards",
    "streetView": "Has StreetView",
    "discount": "20",
    "price": 14
  },
  {
    "id": 66,
    "backgroundImage": null,
    "title": "Cities of Europe",
    "images": [
      "https://www.theconqueror.events/wordpress/wp-content/uploads/2023/03/LPR-Bundle.webp"
    ],
    "distance": "229",
    "postcards": "16 Virtual Postcards",
    "streetView": "Has StreetView",
    "discount": null,
    "price": 12
  },
  {
    "id": 67,
    "backgroundImage": null,
    "title": "Mount Pack",
    "images": [
      "https://www.theconqueror.events/wordpress/wp-content/uploads/2021/06/Mount-Front-Medal.webp"
    ],
    "distance": "235",
    "postcards": "17 Virtual Postcards",
    "streetView": "Has StreetView",
    "discount": "20",
    "price": 18
  },
  {
    "id": 68,
    "backgroundImage": null,
    "title": "Cities of Europe",
    "images": [
      "https://www.theconqueror.events/wordpress/wp-content/uploads/2023/03/LPR-Bundle.webp"
    ],
    "distance": "229",
    "postcards": "16 Virtual Postcards",
    "streetView": "Has StreetView",
    "discount": "20",
    "price": 15
  },
  {
    "id": 69,
    "backgroundImage": null,
    "title": "Cities of US",
    "images": [
      "https://www.theconqueror.events/wordpress/wp-content/uploads/2023/06/NLW_front-medal.webp"
    ],
    "distance": "250",
    "postcards": "18 Virtual Postcards",
    "streetView": "Has StreetView",
    "discount": "20",
    "price": 13
  },
  {
    "id": 70,
    "backgroundImage": null,
    "title": "US National Parks",
    "images": [
      "https://www.theconqueror.events/wordpress/wp-content/uploads/2023/02/USPN-Bundle.webp"
    ],
    "distance": "405",
    "postcards": "21 Virtual Postcards",
    "streetView": "Has StreetView",
    "discount": "20",
    "price": 18
  },
  {
    "id": 71,
    "backgroundImage": null,
    "title": "Any 5 Challenges",
    "images": [
      "https://www.theconqueror.events/wordpress/wp-content/uploads/2022/12/Any-5-Front-Medal-1.webp"
    ],
    "distance": "0",
    "postcards": "Receive Postcards",
    "streetView": "Any Conqueror Challenge",
    "discount": "15",
    "price": 17
  },
  {
    "id": 72,
    "backgroundImage": null,
    "title": "Any 10 Challenges",
    "images": [
      "https://www.theconqueror.events/wordpress/wp-content/uploads/2022/12/Any-10-Front-Medal-1.webp"
    ],
    "distance": "0",
    "postcards": "Receive Postcards",
    "streetView": "Any Conqueror Challenge",
    "discount": "20",
    "price": 18
  },
  {
    "id": 73,
    "backgroundImage": null,
    "title": "Any 15 Challenges",
    "images": [
      "https://www.theconqueror.events/wordpress/wp-content/uploads/2022/12/Any-15-Front-Medal-1.webp"
    ],
    "distance": "0",
    "postcards": "Receive Postcards",
    "streetView": "Any Conqueror Challenge",
    "discount": "25",
    "price": 12
  }
]